mission,mission_region
Argentine Mission,Outside US
Armenian Mission,Outside US
Australasian Mission,Outside US
Australian Mission,Outside US
Brazilian Mission,Outside US
British Mission,Outside US
California Mission,United States
Canadian Mission,Outside US
Carson Valley Mission,United States
Central Pacific Mission,Outside US
Central States Mission,United States
Colorado Mission,United States
Czechoslovak Mission,Outside US
Danish Mission,Outside US
Danish-Norwegian Mission,Outside US
Early Church Mission: Asia ,Outside US
Early Church Mission: Europe ,Outside US
Early Church Mission: North America ,United States
Early Church Mission: South America ,Outside US
East Central States Mission,United States
East German Mission,Outside US
East Indian Mission,Outside US
Eastern States Mission,United States
Elk Mountain Mission,United States
European Mission,Outside US
French Mission,Outside US
German Mission,Outside US
German and Austrian Mission,Outside US
Gibraltar Mission,Outside US
Hawaiian Mission,Hawaii
Hong Kong Mission,Outside US
Iceland Mission,Outside US
Indian Territory Mission,United States
Irish Mission,Outside US
Italian Mission,Outside US
Jamaica Mission,Outside US
Japan Mission,Outside US
Las Vegas Mission,United States
Malta Mission,Outside US
Mexican Mission,Outside US
Middle States Mission,United States
Midwives and Nurses Mission,United States
Montana Mission,United States
Netherlands Mission,Outside US
New England Mission,United States
New Zealand Mission,Outside US
North Central States Mission,United States
Northern States Mission,United States
Northwestern States (Great Lakes) Mission,United States
Northwestern States (Pacific) Mission,United States
Norwegian Mission,Outside US
Palestine-Syrian Mission,Outside US
Salmon River Mission,United States
Salt Lake Mission Home ,United States
Samoan Mission,Outside US
Scandinavian Mission,Outside US
Shoshone Mission,United States
Siam Mission,Outside US
South African Mission,Outside US
South American Mission,Outside US
Southern States Mission,United States
Southern Utah Mission,United States
Southwestern States Mission,United States
Spanish American Mission,United States
Swedish Mission,Outside US
Swiss Mission,Outside US
Swiss and German Mission,Outside US
Tahitian Mission,Outside US
Temple Square Mission,United States
Texas Mission,United States
The Tabernacle Choir at Temple Square Mission,United States
Tongan Mission ,Outside US
Turkish Mission,Outside US
Unspecified Native American Mission,United States
Welsh Mission,Outside US
West German Mission,Outside US
Western States Mission,United States
White Mountain Mission,United States
